[
  {
    "SNO": "1",
    "Name": "Life Insurance Premium paid certificate( Premium paid only for self, spouse and children)",
    "Placeholder": "Life Insurance Premium paid certificate",
    "FileName": "",
    "Amount": "",
    "min": "0",
    "max": "99999999999999",
    "itemCode": "LIC"
  },
  {
    "SNO": "2",
    "Name": "Children Educational Expenses up to 2 children",
    "Placeholder": "School fee paid receipt",
    "FileName": "",
    "Amount": "",
    "min": "0",
    "max": "9999999999999",
    "itemCode": "CEE"
  },
  {
    "SNO": "3",
    "Name": "Sukanya Samriddhi Yojana",
    "Placeholder": "Paid certificate",
    "FileName": "",
    "Amount": "",
    "min": "0",
    "max": "9999999999999",
    "itemCode": "SSY"
  },
  {
    "SNO": "4",
    "Name": "Public Provident Fund",
    "Placeholder": "Passbook and bank statement",
    "FileName": "",
    "Amount": "",
    "min": "0",
    "max": "9999999999999",
    "itemCode": "PPF"
  },
  {
    "SNO": "5",
    "Name": "Housing Loan- Principal Repayment",
    "Placeholder": "Housing loan repayment certificate",
    "FileName": "",
    "Amount": "",
    "min": "0", 
    "max": "9999999999999",
    "itemCode": "HLPR"
  },
  {
    "SNO": "6",
    "Name": "National Savings Certificates (NSC)",
    "Placeholder": "NSC Certificate",
    "FileName": "",
    "Amount": "",
    "min": "0",
    "max": "9999999999999",
    "itemCode": "NSC"
  },
  {
    "SNO": "7",
    "Name": "FD with National Banks / Post office minimum 5 years",
    "Placeholder": "Fixed deposit certificate",
    "FileName": "",
    "Amount": "",
    "min": "0",
    "max": "9999999999999",
    "itemCode": "FDPO"
  },
  {
    "SNO": "8",
    "Name": "Tax Savings Mutual Funds",
    "Placeholder": "Mutual Fund Statement",
    "FileName": "",
    "Amount": "",
    "min": "0",
    "max": "9999999999999",
    "itemCode": "TSMF"
  },
  {
    "SNO": "9",
    "Name": "Other eligible investments u/s 80C",
    "Placeholder": "Investment proof",
    "FileName": "",
    "Amount": "",
    "min": "0",
    "max": "9999999999999",
    "itemCode": "OEI"
  }

]