﻿[
  {
    "VamID": "String",
    "Name": "String",
    "Submission_Date": "Date",
    "MobileNumber": "String",
    "Email": "String",
    "Amount_LIC": "Number",
    "Filename_LIC": "String",
    "Amount_CEE": "Number",
    "Filename_CEE": "String",
    "Amount_SSY": "Number",
    "Filename_SSY": "String",
    "Amount_HLPR": "Number",
    "Filename_HLPR": "String",
    "Amount_PPF": "Number",
    "Filename_PPF": "String",
    "Amount_NSC": "String",
    "Filename_NSC": "String",
    "Amount_FDPO": "String",
    "Filename_FDPO": "String",
    "Amount_TSMF": "String",
    "Filename_TSMF": "String",
    "Amount_OEI": "String",
    "Filename_OEI": "String",
    "Amount_80CCD": "String",
    "Filename_80CCD": "String",
    "Amount_80D": "String",
    "Filename_80D": "String",
    "Amount_80E": "String",
    "Filename_80E": "String",
    "Amount_80DDB": "String",
    "Filename_80DDB": "String",
    "Amount_80EE": "String",
    "Filename_80EE": "String",
    "Amount_80U": "String",
    "Filename_80U": "String",
    "Amount_HLS24": "String",
    "Filename_HLS24": "String",
    "HRA_Amount": "String",
    "PanFile": "String",
    "RentReciptFile": "String",
    "AggrementFile": "String",
    "Amount_O1": "String",
    "Filename_O1": "String",
    "Amount_O2": "String",
    "Filename_O2": "String",
    "Amount_TSPE": "String",
    "Filename_TSPE": "String",
    "Amount_TDPE": "String",
    "Filename_TDPE": "String",
    "Amount_CS24": "String",
    "Filename_CS24": "String",
    "Amount_12C": "String",
    "Filename_12C": "String",
    "Amount_MDB": "String",
    "Filename_MDB": "String",
    "Status": "String",
    "Remark": "String"
  }
]