﻿[
  {
    "Name": "April",
    "Amount": "0"
  },
  {
    "Name": "May",
    "Amount": "0"
  },
  {
    "Name": "June",
    "Amount": "0"
  },
  {
    "Name": "July",
    "Amount": "0"
  },
  {
    "Name": "August",
    "Amount": "0"
  },
  {
    "Name": "Sepetember",
    "Amount": "0"
  },
  {
    "Name": "October",
    "Amount": "0"
  },
  {
    "Name": "November",
    "Amount": "0"
  },
  {
    "Name": "December",
    "Amount": "0"
  },
  {
    "Name": "January",
    "Amount": "0"
  },
  {
    "Name": "February",
    "Amount": "0"
  },
  {
    "Name": "March",
    "Amount": "0"
  }
]