﻿[
  {
    "SNO": "1",
    "Section": "80CCD-Max. is Rs. 50,000/",
    "Name": "National Pension System",
    "Placeholder": "Paid Certificate",
    "FileName": "",
    "Amount": "",
    "min": "0",
    "max": "99999999999",
    "itemCode": "80CCD"
  },
  {
    "SNO": "2",
    "Section": "Section 80D ",
    "Name": "Mediclaim Insurance Premium. a.Self/spouse/children up to Rs. 25,000 b.Self/spouse/children and Parents up to Rs. 25,000 + 25,000. c.Self/spouse/children and Parents up to Rs. 25,000 + 25,000 + 5,000.(if  any one of the  parents is Senior Citizen Rs. 5,000 Extra) ",
    "Placeholder": "Premium paid certificate",
    "FileName": "",
    "Amount": "",
    "min": "0",
    "max": "99999999999999999",
    "itemCode": "80D"
  },
  {
    "SNO": "3",
    "Section": "Section 80E",
    "Name": "Payment of Interest on  Loan for  higher education.",
    "Placeholder": "Letter / certificate from the Bank / Financial Institution ",
    "FileName": "",
    "Amount": "",
    "min": "0",
    "max": "99999999999",
    "itemCode": "80E"
  },
  {
    "SNO": "4",
    "Section": "Section 80 DDB",
    "Name": "Exp.for medical treatment of dependent on specified disease.",
    "Placeholder": "10 I Certificate",
    "FileName": "",
    "Amount": "",
    "min": "0",
    "max": "99999999999",
    "itemCode": "80DDB"
  },
  {
    "SNO": "5",
    "Section": "Section 80 EE",
    "Name": "First time home buyer tax benefit Rs. 50,000",
    "Placeholder": "Required Certificate",
    "FileName": "",
    "Amount": "",
    "min": "0",
    "max": "99999999999",
    "itemCode": "80EE"
  },
  {
    "SNO": "6",
    "Section": "Section 80 U",
    "Name": "if Physical Disability up to  Rs. 75,000 if Severe Disability up to  Rs. 1,25,000",
    "Placeholder": "10-IA Certificate",
    "FileName": "",
    "Amount": "",
    "min": "0",
    "max": "99999999999",
    "itemCode": "80U"
  },
  {
    "SNO": "7",
    "Section": "Any other incone other than profit/loss from house property",
    "Name": "Form 12-C",
    "Placeholder": "Form 12-C",
    "FileName": "",
    "Amount": "",
    "min": "0",
    "max": "99999999999",
    "itemCode": "12C"
  },
  {
    "SNO": "8",
    "Section": "Housing Loan Interest Section 24",
    "Name": "Interest on Housing Loan Max is  2,00,000/- a. If House is Self occupied  No HRA should be claimed b.if house is  Let out Loss on house property will be allowed Rs.2 lakh.",
    "Placeholder": "Housing Loan Statement",
    "FileName": "",
    "Amount": "",
    "min": "-200000",
    "max": "99999999999",
    "itemCode": "HLS24"
  },
  {
    "SNO": "9",
    "Section": "Housing Loan Interest Section 24",
    "Name": "Calculation Sheet",
    "Placeholder": "Calculation Sheet",
    "FileName": "",
    "Amount": "",
    "min": "0",
    "max": "99999999999",
    "itemCode": "CS24"
  },

  {
    "SNO": "10",
    "Section": "Others-1",
    "Name": "Any Other Investments",
    "Placeholder": "Investment Proof",
    "FileName": "",
    "Amount": "",
    "min": "0",
    "max": "99999999999",
    "itemCode": "O1"
  },
  {
    "SNO": "11",
    "Section": "Others-2",
    "Name": "Any Other Investments",
    "Placeholder": "Investment Proof",
    "FileName": "",
    "Amount": "",
    "min": "0",
    "max": "99999999999",
    "itemCode": "O2"
  },
  {
    "SNO": "12",
    "Section": "Net taxable salary from previous employer for financial year 2017-2018",
    "Name": "Salary from previous employer",
    "Placeholder": "Form16/TDS calculation sheet/Form12B",
    "FileName": "",
    "Amount": "",
    "min": "0",
    "max": "99999999999",
    "itemCode": "TSPE"
  },
  {
    "SNO": "13",
    "Section": "Tax deducted by previous employer for Financial year 2017-2018",
    "Name": "Tax deducted by previous employer",
    "Placeholder": "Form16/TDS calculation sheet/Form12B",
    "FileName": "",
    "Amount": "",
    "min": "0",
    "max": "99999999999",
    "itemCode": "TDPE"
  },
  {
    "SNO": "14",
    "Section": "Medical Bills",
    "Name": "Medical bills monthly value Rs. 1250 yearly Rs. 15,000/-",
    "Placeholder": "Bill copies",
    "FileName": "",
    "Amount": "",
    "min": "0",
    "max": "99999999999",
    "itemCode": "MDB"
  }
]